{
    "metadata_version": "1.1.0",
    "scitex": {
        "version": "2.5.0",
        "created_at": "2025-12-08T23:40:38.712362",
        "created_with": "scitex.plt.subplots (mm-control)",
        "mode": "publication",
        "axes_size_mm": [
            40,
            28
        ],
        "position_in_grid": [
            0,
            0
        ],
        "style_mm": {
            "axis_thickness_mm": 0.2,
            "tick_length_mm": 0.8,
            "tick_thickness_mm": 0.2,
            "trace_thickness_mm": 0.2,
            "marker_size_mm": 0.8,
            "axis_font_size_pt": 7,
            "tick_font_size_pt": 7,
            "title_font_size_pt": 8,
            "legend_font_size_pt": 6,
            "label_pad_pt": 0.5,
            "tick_pad_pt": 2.0,
            "title_pad_pt": 1.0,
            "font_family": "Arial",
            "n_ticks": 4,
            "font_family_requested": "Arial",
            "font_family_actual": "Arial"
        }
    },
    "matplotlib": {
        "version": "3.10.3"
    },
    "id": "stx_conf_mat",
    "dimensions": {
        "figure_size_mm": [
            80.0,
            68.0
        ],
        "figure_size_inch": [
            3.1496062992125986,
            2.677165354330709
        ],
        "figure_size_px": [
            944,
            803
        ],
        "axes_size_mm": [
            27.99999999999999,
            27.99999999999999
        ],
        "axes_size_inch": [
            1.102362204724409,
            1.102362204724409
        ],
        "axes_size_px": [
            330,
            330
        ],
        "axes_position": [
            0.32500000000000007,
            0.2941176470588236,
            0.34999999999999987,
            0.4117647058823528
        ],
        "dpi": 300
    },
    "margins_mm": {
        "left": 26.000000000000007,
        "bottom": 20.000000000000004,
        "right": 26.0,
        "top": 20.000000000000007
    },
    "axes_bbox_px": {
        "x0": 306,
        "y0": 236,
        "x1": 636,
        "y1": 566,
        "width": 330,
        "height": 330
    },
    "axes_bbox_mm": {
        "x0": 26.000000000000007,
        "y0": 20.000000000000004,
        "x1": 54.0,
        "y1": 47.99999999999999,
        "width": 27.99999999999999,
        "height": 27.99999999999999
    },
    "axes": {
        "x": {
            "label": "Predicted",
            "unit": "",
            "scale": "linear",
            "lim": [
                0.0,
                3.0
            ],
            "n_ticks": 4
        },
        "y": {
            "label": "Actual",
            "unit": "",
            "scale": "linear",
            "lim": [
                0.0,
                3.0
            ],
            "n_ticks": 4
        }
    },
    "title": "ax.stx_conf_mat()"
}