iter	RMSE
0	27.23606963
1	25.84451399
2	24.12513578
3	22.46868052
4	21.33763803
5	19.99106775
6	18.78673787
7	18.40584692
8	17.0091394
9	16.0650899
