iter	Logloss
0	0.6785012792
1	0.6603399323
2	0.6336939576
3	0.5883074385
4	0.5773262858
