iter	Logloss
0	0.6674781036
1	0.6390238953
2	0.6179813004
3	0.6052553558
4	0.5838150024
5	0.5724025345
6	0.5557666016
7	0.5369387817
8	0.5219736862
9	0.5086408997
