{
    "n_samples": 1000,
    "n_features": 20,
    "y_mean": 0.13557519386525774,
    "y_std": 3.9974560076742125,
    "max_correlation": 0.7568344460974787,
    "mean_correlation": 0.14938230896575774
}