{
  "accuracy": 0.857795457933458,
  "precision": 0.9001729230698855,
  "recall": 0.8455176303557799,
  "training_time": 82.51796324510906,
  "memory_usage": 1042.9946655704164,
  "converged": true
}