{
  "accuracy": 0.8232967333510539,
  "precision": 0.8035583958831112,
  "recall": 0.8156253041774778,
  "training_time": 105.06993839766753,
  "memory_usage": 743.9811457341273,
  "converged": true
}