{
  "accuracy": 0.8622736268326301,
  "precision": 0.8213572960895492,
  "recall": 0.8768608805464866,
  "training_time": 110.80405952422292,
  "memory_usage": 1099.1007577105959,
  "converged": true
}