{
  "accuracy": 0.6648565468830643,
  "precision": 0.7005345546190455,
  "recall": 0.6058090343242264,
  "training_time": 103.96223346061275,
  "memory_usage": 1707.5687011568216,
  "converged": true
}