{
  "accuracy": 0.6606451792430574,
  "precision": 0.7191031423868424,
  "recall": 0.6844658524197509,
  "training_time": 40.309656868531796,
  "memory_usage": 1827.1826751936635,
  "converged": true
}