{
  "accuracy": 0.7802329574044657,
  "precision": 0.7125381679021556,
  "recall": 0.8447014414012471,
  "training_time": 81.0462046330652,
  "memory_usage": 1576.871406078464,
  "converged": true
}