{
  "accuracy": 0.7741037139673533,
  "precision": 0.7428987868655379,
  "recall": 0.7956159779732858,
  "training_time": 84.80731902943552,
  "memory_usage": 729.2589028244522,
  "converged": true
}