{
  "accuracy": 0.7240361934233766,
  "precision": 0.6819707086920834,
  "recall": 0.6902928952820196,
  "training_time": 114.29891289412446,
  "memory_usage": 1472.0530778698903,
  "converged": true
}