{
  "total_time": 0.6613790988922119,
  "mean_fold_time": 0.13188867568969725,
  "fold_times": [
    0.16152429580688477,
    0.12299656867980957,
    0.1229863166809082,
    0.12428712844848633,
    0.12764906883239746
  ]
}