{
  "accuracy": 0.6157600396156916,
  "precision": 0.5902895296888608,
  "recall": 0.6316022892222621,
  "training_time": 109.69065731431262,
  "memory_usage": 1042.4525392504647,
  "converged": true
}