{
  "accuracy": 0.7055947206220184,
  "precision": 0.7247423661307171,
  "recall": 0.6865199804386803,
  "training_time": 63.31628704051944,
  "memory_usage": 814.2605461572316,
  "converged": true
}