{
  "accuracy": 0.6955796551303094,
  "precision": 0.6662801656015217,
  "recall": 0.637122024775419,
  "training_time": 50.951179772492715,
  "memory_usage": 651.5021441145936,
  "converged": true
}