{
  "accuracy": 0.7154704290513524,
  "precision": 0.7447434489370554,
  "recall": 0.6504805844332432,
  "training_time": 50.51084480863922,
  "memory_usage": 934.0819454031607,
  "converged": true
}