{
  "accuracy": 0.8279999519708185,
  "precision": 0.8374308289928502,
  "recall": 0.8585720701613676,
  "training_time": 105.85667281708287,
  "memory_usage": 1663.9998673193672,
  "converged": true
}