{
  "accuracy": 0.8685703840379618,
  "precision": 0.9165154538711949,
  "recall": 0.8215022199999691,
  "training_time": 32.8890219513634,
  "memory_usage": 973.1795720886229,
  "converged": true
}