{
  "accuracy": 0.8169171980447081,
  "precision": 0.8819148691228285,
  "recall": 0.8004809065516242,
  "training_time": 49.738868324155504,
  "memory_usage": 1996.3064097426654,
  "converged": true
}