{
  "accuracy": 0.7458253595900698,
  "precision": 0.6956167683646437,
  "recall": 0.7278443218905242,
  "training_time": 119.05710155729358,
  "memory_usage": 1459.9996397811392,
  "converged": true
}