{
  "accuracy": 0.7798801010280794,
  "precision": 0.7361008700870989,
  "recall": 0.8574840367918145,
  "training_time": 75.8573664308818,
  "memory_usage": 636.3641182606908,
  "converged": true
}