{
  "accuracy": 0.7459463573387635,
  "precision": 0.7513511999095575,
  "recall": 0.8165301534867552,
  "training_time": 64.06809394875182,
  "memory_usage": 1328.0609469098404,
  "converged": true
}