{
  "accuracy": 0.9329095179481087,
  "precision": 0.9252320182746793,
  "recall": 0.8890404118416405,
  "training_time": 52.196475692458506,
  "memory_usage": 1342.0522012447263,
  "converged": true
}