{
  "accuracy": 0.6269534623348999,
  "precision": 0.6389769787666721,
  "recall": 0.6229472156398229,
  "training_time": 52.627270798363185,
  "memory_usage": 1329.8388443229312,
  "converged": true
}