{
  "accuracy": 0.6247827705182295,
  "precision": 0.5824911042928873,
  "recall": 0.6814505362718842,
  "training_time": 113.01906725564473,
  "memory_usage": 1877.7402415935535,
  "converged": true
}