{
  "accuracy": 0.752548321704587,
  "precision": 0.7652793307010762,
  "recall": 0.8124245103827318,
  "training_time": 65.94604546263575,
  "memory_usage": 828.981138735925,
  "converged": true
}