{
  "accuracy": 0.9269366307773405,
  "precision": 0.9534195570301052,
  "recall": 0.8607295498352395,
  "training_time": 42.566728757295564,
  "memory_usage": 1617.4834731374099,
  "converged": true
}