{
  "accuracy": 0.7718262011333976,
  "precision": 0.7210614395612263,
  "recall": 0.8071954143413732,
  "training_time": 44.70622443857356,
  "memory_usage": 1069.1831626364717,
  "converged": true
}