{
  "accuracy": 0.6148312114009346,
  "precision": 0.5557430720838862,
  "recall": 0.6675958558106224,
  "training_time": 109.08496900408657,
  "memory_usage": 1747.4982940417692,
  "converged": true
}