{
  "accuracy": 0.8551999823092489,
  "precision": 0.808856365496658,
  "recall": 0.7751704096820952,
  "training_time": 58.39077432531737,
  "memory_usage": 901.611313963554,
  "converged": true
}