{
    "Delta": 0.0003526714281179011,
    "Theta": 0.24650101363658905,
    "Alpha": 0.14141738414764404,
    "Beta": 0.00889648962765932,
    "Gamma": 0.0011209534713998437
}